version,init_client [s],encrypt [s],init_server [s],predict [s],decrypt [s],serialize [s]
plaintext-cw,0.0002310276,0.0002090931,0.0007121563,0.5351130962,0.0000851154,0.0003066063
plaintext-pw,0.0002171993,0.0249805450,0.0007026196,0.5089786053,0.0000581741,0.0286550522
seal-cw,0.5989811420,0.0061929226,0.0233318806,148.5468962193,0.0002782345,2.0904669762
seal-pw,0.2609617710,3.1042876244,0.0122716427,80.7692139149,0.0019729137,4.1557049751
pytorch,,,0.0026402473,0.0088129044,,0.0000000000
