version,HEConv2d-0 [s],HEAvgPool2d-1 [s],HESquare-2 [s],HELinear-4 [s]
plaintext-channelwise,0.4752464294,0.0475256443,0.0001697540,0.0078811646
seal-channelwise,138.6518962383,9.3982098103,0.0110056400,0.4806301594
plaintext-pixelwise,0.4771814346,0.0077121258,0.0011394024,0.0183725357
seal-pixelwise,77.6176400185,0.5222790241,0.5010666847,2.1229047775
