version,init,encrypt_training,train,encrypt_inference,predict,decrypt
plaintext,0.00013,0.00037,0.00172,0.00011,0.00009,0.00006
palisade,0.82148,0.02117,0.74865,0.02182,0.01519,0.00585
seal,10.30945,0.03644,2.29832,0.03582,0.02983,0.00221
standard,0.00000,0.00000,0.00021,0.00000,0.00005,0.00000
sklearn,0.00000,0.00000,0.00337,0.00000,0.00010,0.00000
