version,init [s],encrypt_training [s],train [s],encrypt_inference [s],predict [s],decrypt [s]
plaintext,0.0001001358,0.0003020763,0.0019166470,0.0000994205,0.0000929832,0.0000407696
palisade,0.7834911346,0.0206601620,0.7309112549,0.0181403160,0.0145974159,0.0052464008
seal,7.6654291153,0.0311067104,1.6078722477,0.0315899849,0.0115060806,0.0005512238
